filepath,label
all_comp/0/10000329583.jpg,0
all_comp/0/10008364696.jpg,0
all_comp/0/10025811473.jpg,0
all_comp/0/10290277443.jpg,0
all_comp/0/10456825675.jpg,0
all_comp/0/10473087145.jpg,0
all_comp/0/10473098414.jpg,0
all_comp/0/10473482664.jpg,0
all_comp/0/10493878145.jpg,0
all_comp/0/10537403165.jpg,0
all_comp/0/10574289425.jpg,0
all_comp/0/10630304095.jpg,0
all_comp/0/10665347706.jpg,0
all_comp/0/10757438833.jpg,0
all_comp/0/10825268334.jpg,0
all_comp/0/10857861886.jpg,0
all_comp/0/11022916283.jpg,0
all_comp/0/11218546565.jpg,0
all_comp/0/11221046455.jpg,0
all_comp/0/11388332794.jpg,0
all_comp/0/11483623933.jpg,0
all_comp/0/11488409076.jpg,0
all_comp/0/11643619633.jpg,0
all_comp/0/11695429236.jpg,0
all_comp/0/11730951345.jpg,0
all_comp/0/11804063114.jpg,0
all_comp/0/11836699024.jpg,0
all_comp/0/11874285185.jpg,0
all_comp/0/11904195824.jpg,0
all_comp/0/11916798566.jpg,0
all_comp/0/11992955204.jpg,0
all_comp/0/12067171014.jpg,0
all_comp/0/12204325513.jpg,0
all_comp/0/12411081993.jpg,0
all_comp/0/12487807955.jpg,0
all_comp/0/12519387373.jpg,0
all_comp/0/12567732234.jpg,0
all_comp/0/12576221775.jpg,0
all_comp/0/12576411184.jpg,0
all_comp/0/12711104745.jpg,0
all_comp/0/12797687824.jpg,0
all_comp/0/12873562463.jpg,0
all_comp/0/12877633474.jpg,0
all_comp/0/13094236615.jpg,0
all_comp/0/13117065974.jpg,0
all_comp/0/13183552415.jpg,0
all_comp/0/13253103304.jpg,0
all_comp/0/13266642333.jpg,0
all_comp/0/13367318524.jpg,0
all_comp/0/13517768955.jpg,0
all_comp/0/13608678394.jpg,0
all_comp/0/13673530365.jpg,0
all_comp/0/13763052925.jpg,0
all_comp/0/13890992959.jpg,0
all_comp/0/13897935352.jpg,0
all_comp/0/13904653288.jpg,0
all_comp/0/13924766869.jpg,0
all_comp/0/13927021448.jpg,0
all_comp/0/13969871628.jpg,0
all_comp/0/14050165130.jpg,0
all_comp/0/14052140979.jpg,0
all_comp/0/14061168868.jpg,0
all_comp/0/14061329648.jpg,0
all_comp/0/14061336258.jpg,0
all_comp/0/14061350497.jpg,0
all_comp/0/14061356449.jpg,0
all_comp/0/14061363307.jpg,0
all_comp/0/14061372580.jpg,0
all_comp/0/14061397517.jpg,0
all_comp/0/14070415349.jpg,0
all_comp/0/14121024421.jpg,0
all_comp/0/14132327239.jpg,0
all_comp/0/14166442426.jpg,0
all_comp/0/14184754580.jpg,0
all_comp/0/14195025541.jpg,0
all_comp/0/14211923793.jpg,0
all_comp/0/14240928587.jpg,0
all_comp/0/14244607171.jpg,0
all_comp/0/14244686281.jpg,0
all_comp/0/14245592802.jpg,0
all_comp/0/14245606432.jpg,0
all_comp/0/14247424345.jpg,0
all_comp/0/14247510394.jpg,0
all_comp/0/14247913675.jpg,0
all_comp/0/14247925405.jpg,0
all_comp/0/14247935385.jpg,0
all_comp/0/14267993323.jpg,0
all_comp/0/14268136933.jpg,0
all_comp/0/14271573328.jpg,0
all_comp/0/14332748287.jpg,0
all_comp/0/14344029723.jpg,0
all_comp/0/14345728299.jpg,0
all_comp/0/14348463627.jpg,0
all_comp/0/14379351703.jpg,0
all_comp/0/14379818128.jpg,0
all_comp/0/14382756765.jpg,0
all_comp/0/14383310065.jpg,0
all_comp/0/14403561584.jpg,0
all_comp/0/14409330244.jpg,0
all_comp/0/14410106015.jpg,0
all_comp/0/14415522557.jpg,0
all_comp/0/14446384898.jpg,0
all_comp/0/14454990228.jpg,0
all_comp/0/14455009868.jpg,0
all_comp/0/14458327260.jpg,0
all_comp/0/14462182065.jpg,0
all_comp/0/14468796712.jpg,0
all_comp/0/14489120651.jpg,0
all_comp/0/14491061541.jpg,0
all_comp/0/14491253412.jpg,0
all_comp/0/14499234791.jpg,0
all_comp/0/14499803774.jpg,0
all_comp/0/14503049712.jpg,0
all_comp/0/14503070742.jpg,0
all_comp/0/14508294548.jpg,0
all_comp/0/14511072577.jpg,0
all_comp/0/14521225513.jpg,0
all_comp/0/14530911702.jpg,0
all_comp/0/14532984004.jpg,0
all_comp/0/14534977581.jpg,0
all_comp/0/14535093359.jpg,0
all_comp/0/14548409864.jpg,0
all_comp/0/14562884791.jpg,0
all_comp/0/14575195000.jpg,0
all_comp/0/14589306503.jpg,0
all_comp/0/14611268976.jpg,0
all_comp/0/14622882111.jpg,0
all_comp/0/14623921460.jpg,0
all_comp/0/14628943707.jpg,0
all_comp/0/14632259513.jpg,0
all_comp/0/14645344276.jpg,0
all_comp/0/14665039808.jpg,0
all_comp/0/14676219537.jpg,0
all_comp/0/14694422372.jpg,0
all_comp/0/14694475681.jpg,0
all_comp/0/14696816460.jpg,0
all_comp/0/14703514729.jpg,0
all_comp/0/14758721770.jpg,0
all_comp/0/14765999443.jpg,0
all_comp/0/14771658106.jpg,0
all_comp/0/14773060720.jpg,0
all_comp/0/14801462705.jpg,0
all_comp/0/14814440968.jpg,0
all_comp/0/14817541652.jpg,0
all_comp/0/14847301637.jpg,0
all_comp/0/14849930226.jpg,0
all_comp/0/14858543412.jpg,0
all_comp/0/14858555922.jpg,0
all_comp/0/14860466676.jpg,0
all_comp/0/14867724295.jpg,0
all_comp/0/14870340521.jpg,0
all_comp/0/14872132644.jpg,0
all_comp/0/14872417664.jpg,0
all_comp/0/14874315433.jpg,0
all_comp/0/14894404477.jpg,0
all_comp/0/14939061382.jpg,0
all_comp/0/14965961268.jpg,0
all_comp/0/14978227610.jpg,0
all_comp/0/14978243830.jpg,0
all_comp/0/15010491298.jpg,0
all_comp/0/15010851616.jpg,0
all_comp/0/15027346240.jpg,0
all_comp/0/15041102062.jpg,0
all_comp/0/15070042321.jpg,0
all_comp/0/15073770420.jpg,0
all_comp/0/15083144637.jpg,0
all_comp/0/15097947470.jpg,0
all_comp/0/15125823982.jpg,0
all_comp/0/15156664918.jpg,0
all_comp/0/15203028882.jpg,0
all_comp/0/15212270112.jpg,0
all_comp/0/15234055862.jpg,0
all_comp/0/15301332720.jpg,0
all_comp/0/15334622804.jpg,0
all_comp/0/15345817880.jpg,0
all_comp/0/15382288128.jpg,0
all_comp/0/15396956784.jpg,0
all_comp/0/15420737195.jpg,0
all_comp/0/15435480359.jpg,0
all_comp/0/15447699066.jpg,0
all_comp/0/15450740699.jpg,0
all_comp/0/15457305748.jpg,0
all_comp/0/15479770800.jpg,0
all_comp/0/15499401552.jpg,0
all_comp/0/15528518449.jpg,0
all_comp/0/15529043658.jpg,0
all_comp/0/15553105731.jpg,0
all_comp/0/15562442020.jpg,0
all_comp/0/15616285079.jpg,0
all_comp/0/15624485655.jpg,0
all_comp/0/15627364142.jpg,0
all_comp/0/15714961675.jpg,0
all_comp/0/15750779133.jpg,0
all_comp/0/15752033802.jpg,0
all_comp/0/15756789551.jpg,0
all_comp/0/15783997766.jpg,0
all_comp/0/15824250902.jpg,0
all_comp/0/15878789681.jpg,0
all_comp/0/15916898076.jpg,0
all_comp/0/15942056282.jpg,0
all_comp/0/15953660128.jpg,0
all_comp/0/15956220922.jpg,0
all_comp/0/15956241702.jpg,0
all_comp/0/15967663572.jpg,0
all_comp/0/15967663722.jpg,0
all_comp/0/15985532475.jpg,0
all_comp/0/16054865297.jpg,0
all_comp/0/16098795525.jpg,0
all_comp/0/16119114064.jpg,0
all_comp/0/16185464365.jpg,0
all_comp/0/16240522052.jpg,0
all_comp/0/16269998268.jpg,0
all_comp/0/16417653692.jpg,0
all_comp/0/16496169120.jpg,0
all_comp/0/16522791649.jpg,0
all_comp/0/16555290499.jpg,0
all_comp/0/16555297189.jpg,0
all_comp/0/16617674286.jpg,0
all_comp/0/16643595955.jpg,0
all_comp/0/16683572985.jpg,0
all_comp/0/16715514726.jpg,0
all_comp/0/16740342362.jpg,0
all_comp/0/16741410415.jpg,0
all_comp/0/16757093236.jpg,0
all_comp/0/16771514233.jpg,0
all_comp/0/16780755770.jpg,0
all_comp/0/16848899721.jpg,0
all_comp/0/16960798470.jpg,0
all_comp/0/16971001728.jpg,0
all_comp/0/17115181468.jpg,0
all_comp/0/17123312149.jpg,0
all_comp/0/17254490425.jpg,0
all_comp/0/18075062050.jpg,0
all_comp/0/19294350143.jpg,0
all_comp/0/19557105006.jpg,0
all_comp/0/19560655379.jpg,0
all_comp/0/19597959524.jpg,0
all_comp/0/20197522255.jpg,0
all_comp/0/20235813408.jpg,0
all_comp/0/20812399404.jpg,0
all_comp/0/21386855628.jpg,0
all_comp/0/22197953954.jpg,0
all_comp/0/22197964744.jpg,0
all_comp/0/22402344698.jpg,0
all_comp/0/22425285394.jpg,0
all_comp/0/22428534209.jpg,0
all_comp/0/22570313698.jpg,0
all_comp/0/22632716580.jpg,0
all_comp/0/22680418692.jpg,0
all_comp/0/22692124895.jpg,0
all_comp/0/22794732016.jpg,0
all_comp/0/22820711585.jpg,0
all_comp/0/23045582266.jpg,0
all_comp/0/23047991406.jpg,0
all_comp/0/23104531443.jpg,0
all_comp/0/23424417254.jpg,0
all_comp/0/23434624842.jpg,0
all_comp/0/23470915946.jpg,0
all_comp/0/23508746394.jpg,0
all_comp/0/23543216078.jpg,0
all_comp/0/23681669011.jpg,0
all_comp/0/23783433839.jpg,0
all_comp/0/23865830607.jpg,0
all_comp/0/23892476891.jpg,0
all_comp/0/23944679822.jpg,0
all_comp/0/23993252346.jpg,0
all_comp/0/24007093615.jpg,0
all_comp/0/24092050224.jpg,0
all_comp/0/24485332965.jpg,0
all_comp/0/24517658447.jpg,0
all_comp/0/24694837938.jpg,0
all_comp/0/24710218187.jpg,0
all_comp/0/24710268057.jpg,0
all_comp/0/24831463770.jpg,0
all_comp/0/24885845337.jpg,0
all_comp/0/25034748608.jpg,0
all_comp/0/25118558504.jpg,0
all_comp/0/25295714237.jpg,0
all_comp/0/25416880056.jpg,0
all_comp/0/25451183976.jpg,0
all_comp/0/25557183047.jpg,0
all_comp/0/25682746082.jpg,0
all_comp/0/25719334224.jpg,0
all_comp/0/25764370407.jpg,0
all_comp/0/25788095613.jpg,0
all_comp/0/25842679437.jpg,0
all_comp/0/25872830853.jpg,0
all_comp/0/25988487967.jpg,0
all_comp/0/26051325150.jpg,0
all_comp/0/26088839916.jpg,0
all_comp/0/26244445021.jpg,0
all_comp/0/26364358529.jpg,0
all_comp/0/26383351932.jpg,0
all_comp/0/26390842255.jpg,0
all_comp/0/26485803471.jpg,0
all_comp/0/26595281480.jpg,0
all_comp/0/26625460175.jpg,0
all_comp/0/26664570083.jpg,0
all_comp/0/26819347471.jpg,0
all_comp/0/26958422133.jpg,0
all_comp/0/27031936669.jpg,0
all_comp/0/27278650070.jpg,0
all_comp/0/27374913700.jpg,0
all_comp/0/27399242043.jpg,0
all_comp/0/27402428843.jpg,0
all_comp/0/27418088696.jpg,0
all_comp/0/27448525911.jpg,0
all_comp/0/27464987826.jpg,0
all_comp/0/27839310411.jpg,0
all_comp/0/27928600439.jpg,0
all_comp/0/28052510290.jpg,0
all_comp/0/28125703190.jpg,0
all_comp/0/28262860205.jpg,0
all_comp/0/28334472165.jpg,0
all_comp/0/28335262029.jpg,0
all_comp/0/28662431526.jpg,0
all_comp/0/31939203903.jpg,0
all_comp/0/32341223630.jpg,0
all_comp/0/32460044385.jpg,0
all_comp/0/32473708580.jpg,0
all_comp/0/32534893894.jpg,0
all_comp/0/32623940182.jpg,0
all_comp/0/32664608471.jpg,0
all_comp/0/32680429146.jpg,0
all_comp/0/32680478486.jpg,0
all_comp/0/32852816541.jpg,0
all_comp/0/32899461972.jpg,0
all_comp/0/32911807643.jpg,0
all_comp/0/32929729284.jpg,0
all_comp/0/33222287592.jpg,0
all_comp/0/33423765901.jpg,0
all_comp/0/33450552956.jpg,0
all_comp/0/33620740113.jpg,0
all_comp/0/33624489630.jpg,0
all_comp/0/33658716934.jpg,0
all_comp/0/33675379692.jpg,0
all_comp/0/33890842854.jpg,0
all_comp/0/33972326222.jpg,0
all_comp/0/33988381723.jpg,0
all_comp/0/34044221585.jpg,0
all_comp/0/34060123325.jpg,0
all_comp/0/34188059181.jpg,0
all_comp/0/34232904790.jpg,0
all_comp/0/34238408983.jpg,0
all_comp/0/34261825662.jpg,0
all_comp/0/34344410604.jpg,0
all_comp/0/34397714455.jpg,0
all_comp/0/34399358800.jpg,0
all_comp/0/34432785392.jpg,0
all_comp/0/34539705324.jpg,0
all_comp/0/34564170514.jpg,0
all_comp/0/34743419734.jpg,0
all_comp/0/34810141614.jpg,0
all_comp/0/34850097810.jpg,0
all_comp/0/34850962505.jpg,0
all_comp/0/34948069154.jpg,0
all_comp/0/35078899834.jpg,0
all_comp/0/35103170363.jpg,0
all_comp/0/35139629353.jpg,0
all_comp/0/35140343102.jpg,0
all_comp/0/35143575894.jpg,0
all_comp/0/35148853976.jpg,0
all_comp/0/35162512116.jpg,0
all_comp/0/35175144482.jpg,0
all_comp/0/35212571032.jpg,0
all_comp/0/35254357041.jpg,0
all_comp/0/35269527060.jpg,0
all_comp/0/35420765113.jpg,0
all_comp/0/35470889263.jpg,0
all_comp/0/35485013050.jpg,0
all_comp/0/35487074601.jpg,0
all_comp/0/35494327433.jpg,0
all_comp/0/35509244684.jpg,0
all_comp/0/35509247514.jpg,0
all_comp/0/35591594000.jpg,0
all_comp/0/35608841790.jpg,0
all_comp/0/35742568342.jpg,0
all_comp/0/35772196843.jpg,0
all_comp/0/35780528971.jpg,0
all_comp/0/35811732043.jpg,0
all_comp/0/35829380144.jpg,0
all_comp/0/35911602625.jpg,0
all_comp/0/35927484153.jpg,0
all_comp/0/35937211663.jpg,0
all_comp/0/35958310436.jpg,0
all_comp/0/36000808386.jpg,0
all_comp/0/36016789262.jpg,0
all_comp/0/36029951655.jpg,0
all_comp/0/36104682433.jpg,0
all_comp/0/36207576546.jpg,0
all_comp/0/36214924282.jpg,0
all_comp/0/36231334150.jpg,0
all_comp/0/36268173415.jpg,0
all_comp/0/36284287271.jpg,0
all_comp/0/36337667235.jpg,0
all_comp/0/36481496733.jpg,0
all_comp/0/36512428240.jpg,0
all_comp/0/36536436984.jpg,0
all_comp/0/36640793471.jpg,0
all_comp/0/36819554985.jpg,0
all_comp/0/36908928425.jpg,0
all_comp/0/36911548202.jpg,0
all_comp/0/36996397262.jpg,0
all_comp/0/37002478443.jpg,0
all_comp/0/37016942543.jpg,0
all_comp/0/37129741500.jpg,0
all_comp/0/37150565506.jpg,0
all_comp/0/37168609982.jpg,0
all_comp/0/37178291882.jpg,0
all_comp/0/37237813274.jpg,0
all_comp/0/37261080632.jpg,0
all_comp/0/37355718596.jpg,0
all_comp/0/37386600621.jpg,0
all_comp/0/37401230162.jpg,0
all_comp/0/37429369880.jpg,0
all_comp/0/37639191226.jpg,0
all_comp/0/37639195816.jpg,0
all_comp/0/37644564335.jpg,0
all_comp/0/37678838095.jpg,0
all_comp/0/37699215432.jpg,0
all_comp/0/37725372921.jpg,0
all_comp/0/38136474261.jpg,0
all_comp/0/38535266612.jpg,0
all_comp/0/38798409324.jpg,0
all_comp/0/39046338752.jpg,0
all_comp/0/39362973682.jpg,0
all_comp/0/39364909704.jpg,0
all_comp/0/39404197984.jpg,0
all_comp/0/39404259304.jpg,0
all_comp/0/39526958472.jpg,0
all_comp/0/39906147391.jpg,0
all_comp/0/40080513201.jpg,0
all_comp/0/40600760251.jpg,0
all_comp/0/40611533782.jpg,0
all_comp/0/7219857392.jpg,0
all_comp/0/7386863836.jpg,0
all_comp/0/7416598964.jpg,0
all_comp/0/7430666740.jpg,0
all_comp/0/7434359434.jpg,0
all_comp/0/7461347770.jpg,0
all_comp/0/7511865166.jpg,0
all_comp/0/7513672500.jpg,0
all_comp/0/7514528678.jpg,0
all_comp/0/7519587372.jpg,0
all_comp/0/7526652968.jpg,0
all_comp/0/7555774244.jpg,0
all_comp/0/7560994084.jpg,0
all_comp/0/7581171532.jpg,0
all_comp/0/7596271368.jpg,0
all_comp/0/7613242576.jpg,0
all_comp/0/7619969232.jpg,0
all_comp/0/7642191462.jpg,0
all_comp/0/7652506556.jpg,0
all_comp/0/7669077358.jpg,0
all_comp/0/7688555144.jpg,0
all_comp/0/7702734470.jpg,0
all_comp/0/7716378664.jpg,0
all_comp/0/7716395408.jpg,0
all_comp/0/7716397620.jpg,0
all_comp/0/7716399952.jpg,0
all_comp/0/7716401128.jpg,0
all_comp/0/7716404436.jpg,0
all_comp/0/7716406694.jpg,0
all_comp/0/7716407792.jpg,0
all_comp/0/7716408918.jpg,0
all_comp/0/7716413638.jpg,0
all_comp/0/7716414802.jpg,0
all_comp/0/7721940324.jpg,0
all_comp/0/7723712388.jpg,0
all_comp/0/7785084324.jpg,0
all_comp/0/7794147382.jpg,0
all_comp/0/7800594584.jpg,0
all_comp/0/7823228796.jpg,0
all_comp/0/7825658064.jpg,0
all_comp/0/7829515512.jpg,0
all_comp/0/7831733174.jpg,0
all_comp/0/7848792968.jpg,0
all_comp/0/7877437798.jpg,0
all_comp/0/7890547846.jpg,0
all_comp/0/7903798052.jpg,0
all_comp/0/7909835014.jpg,0
all_comp/0/7912029770.jpg,0
all_comp/0/7921493466.jpg,0
all_comp/0/7921776602.jpg,0
all_comp/0/7942361524.jpg,0
all_comp/0/7942434168.jpg,0
all_comp/0/7942986216.jpg,0
all_comp/0/7978824813.jpg,0
all_comp/0/7987354151.jpg,0
all_comp/0/7987525274.jpg,0
all_comp/0/7990386884.jpg,0
all_comp/0/8001417656.jpg,0
all_comp/0/8010960472.jpg,0
all_comp/0/8054351522.jpg,0
all_comp/0/8054352393.jpg,0
all_comp/0/8054357514.jpg,0
all_comp/0/8054360228.jpg,0
all_comp/0/8054363292.jpg,0
all_comp/0/8058975489.jpg,0
all_comp/0/8069242689.jpg,0
all_comp/0/8096399232.jpg,0
all_comp/0/8107224587.jpg,0
all_comp/0/8115523757.jpg,0
all_comp/0/8136901426.jpg,0
all_comp/0/8174555511.jpg,0
all_comp/0/8175288549.jpg,0
all_comp/0/8175317850.jpg,0
all_comp/0/8216860532.jpg,0
all_comp/0/8217004991.jpg,0
all_comp/0/8228310058.jpg,0
all_comp/0/8232064355.jpg,0
all_comp/0/8249738402.jpg,0
all_comp/0/8252941093.jpg,0
all_comp/0/8254000942.jpg,0
all_comp/0/8254002506.jpg,0
all_comp/0/8259970756.jpg,0
all_comp/0/8277195474.jpg,0
all_comp/0/8277307194.jpg,0
all_comp/0/8281101658.jpg,0
all_comp/0/8281374112.jpg,0
all_comp/0/8287303843.jpg,0
all_comp/0/8290849437.jpg,0
all_comp/0/8295726011.jpg,0
all_comp/0/8297591064.jpg,0
all_comp/0/8298850783.jpg,0
all_comp/0/8300875618.jpg,0
all_comp/0/8301444676.jpg,0
all_comp/0/8312140864.jpg,0
all_comp/0/8319598864.jpg,0
all_comp/0/8319604780.jpg,0
all_comp/0/8331584237.jpg,0
all_comp/0/8345577219.jpg,0
all_comp/0/8367485787.jpg,0
all_comp/0/8423058574.jpg,0
all_comp/0/8427175129.jpg,0
all_comp/0/8428737251.jpg,0
all_comp/0/8428861340.jpg,0
all_comp/0/8435443391.jpg,0
all_comp/0/8439492393.jpg,0
all_comp/0/8439507563.jpg,0
all_comp/0/8447525603.jpg,0
all_comp/0/8460286866.jpg,0
all_comp/0/8475967632.jpg,0
all_comp/0/8511117823.jpg,0
all_comp/0/8544280521.jpg,0
all_comp/0/8549446694.jpg,0
all_comp/0/8549451754.jpg,0
all_comp/0/8606051619.jpg,0
all_comp/0/8624663106.jpg,0
all_comp/0/8695046185.jpg,0
all_comp/0/8716479234.jpg,0
all_comp/0/8728352540.jpg,0
all_comp/0/8732467034.jpg,0
all_comp/0/8736073463.jpg,0
all_comp/0/8758673565.jpg,0
all_comp/0/8853431767.jpg,0
all_comp/0/8857352275.jpg,0
all_comp/0/8878802658.jpg,0
all_comp/0/8940824199.jpg,0
all_comp/0/8958341662.jpg,0
all_comp/0/8976616755.jpg,0
all_comp/0/8992861239.jpg,0
all_comp/0/9009860675.jpg,0
all_comp/0/9011084500.jpg,0
all_comp/0/9057443108.jpg,0
all_comp/0/9098195438.jpg,0
all_comp/0/9114498563.jpg,0
all_comp/0/9118718489.jpg,0
all_comp/0/9137534661.jpg,0
all_comp/0/9139012484.jpg,0
all_comp/0/9227032125.jpg,0
all_comp/0/9228233709.jpg,0
all_comp/0/9229590298.jpg,0
all_comp/0/9229884674.jpg,0
all_comp/0/9239003872.jpg,0
all_comp/0/9259119025.jpg,0
all_comp/0/9282565738.jpg,0
all_comp/0/9286278629.jpg,0
all_comp/0/9289048546.jpg,0
all_comp/0/9289371098.jpg,0
all_comp/0/9370962008.jpg,0
all_comp/0/9379874131.jpg,0
all_comp/0/9384825815.jpg,0
all_comp/0/9409881114.jpg,0
all_comp/0/9424887669.jpg,0
all_comp/0/9433553411.jpg,0
all_comp/0/9436295796.jpg,0
all_comp/0/9445287763.jpg,0
all_comp/0/9468801810.jpg,0
all_comp/0/9470049593.jpg,0
all_comp/0/9478022223.jpg,0
all_comp/0/9548314440.jpg,0
all_comp/0/9548324306.jpg,0
all_comp/0/9560661651.jpg,0
all_comp/0/9588703422.jpg,0
all_comp/0/9589959284.jpg,0
all_comp/0/9599680456.jpg,0
all_comp/0/9621170856.jpg,0
all_comp/0/9631618696.jpg,0
all_comp/0/9632456587.jpg,0
all_comp/0/9640583359.jpg,0
all_comp/0/9652261227.jpg,0
all_comp/0/9656401448.jpg,0
all_comp/0/9673541985.jpg,0
all_comp/0/9676558237.jpg,0
all_comp/0/9676737343.jpg,0
all_comp/0/9677767640.jpg,0
all_comp/0/9691012452.jpg,0
all_comp/0/9697258339.jpg,0
all_comp/0/9699143520.jpg,0
all_comp/0/9713382417.jpg,0
all_comp/0/9786476536.jpg,0
all_comp/0/9786538663.jpg,0
all_comp/0/9947844746.jpg,0
all_comp/0/9947850095.jpg,0
all_comp/1/101129082.jpg,1
all_comp/1/10174248696.jpg,1
all_comp/1/10222806314.jpg,1
all_comp/1/10287502964.jpg,1
all_comp/1/10290196135.jpg,1
all_comp/1/10290311453.jpg,1
all_comp/1/10300146693.jpg,1
all_comp/1/10346918583.jpg,1
all_comp/1/1066732864.jpg,1
all_comp/1/10825123435.jpg,1
all_comp/1/10903086164.jpg,1
all_comp/1/1095481286.jpg,1
all_comp/1/1095910569.jpg,1
all_comp/1/11115294783.jpg,1
all_comp/1/11207460426.jpg,1
all_comp/1/11562510305.jpg,1
all_comp/1/11562634086.jpg,1
all_comp/1/11562645753.jpg,1
all_comp/1/11566623106.jpg,1
all_comp/1/1165934290.jpg,1
all_comp/1/11692123225.jpg,1
all_comp/1/1173006253.jpg,1
all_comp/1/1173862102.jpg,1
all_comp/1/1191186977.jpg,1
all_comp/1/11915451544.jpg,1
all_comp/1/12028180443.jpg,1
all_comp/1/12047709344.jpg,1
all_comp/1/12146081705.jpg,1
all_comp/1/12146264775.jpg,1
all_comp/1/12146369894.jpg,1
all_comp/1/12146533323.jpg,1
all_comp/1/12146548323.jpg,1
all_comp/1/12243485686.jpg,1
all_comp/1/12365614404.jpg,1
all_comp/1/123879448.jpg,1
all_comp/1/12435073494.jpg,1
all_comp/1/12440979015.jpg,1
all_comp/1/12548037963.jpg,1
all_comp/1/12548973523.jpg,1
all_comp/1/12561222585.jpg,1
all_comp/1/12565819554.jpg,1
all_comp/1/12569768204.jpg,1
all_comp/1/12720732033.jpg,1
all_comp/1/12721095833.jpg,1
all_comp/1/12780006434.jpg,1
all_comp/1/12847969725.jpg,1
all_comp/1/12902440735.jpg,1
all_comp/1/12902642945.jpg,1
all_comp/1/12956511933.jpg,1
all_comp/1/13222774604.jpg,1
all_comp/1/1358280863.jpg,1
all_comp/1/1359172286.jpg,1
all_comp/1/13613226633.jpg,1
all_comp/1/13737880925.jpg,1
all_comp/1/14251920763.jpg,1
all_comp/1/14257132375.jpg,1
all_comp/1/14373109142.jpg,1
all_comp/1/14432504535.jpg,1
all_comp/1/14485162361.jpg,1
all_comp/1/14586027471.jpg,1
all_comp/1/14597187628.jpg,1
all_comp/1/146283345.jpg,1
all_comp/1/14660482881.jpg,1
all_comp/1/14703666078.jpg,1
all_comp/1/14800271004.jpg,1
all_comp/1/14802276742.jpg,1
all_comp/1/14813894248.jpg,1
all_comp/1/14867207701.jpg,1
all_comp/1/14889863202.jpg,1
all_comp/1/1491216129.jpg,1
all_comp/1/1491227525.jpg,1
all_comp/1/1491231351.jpg,1
all_comp/1/14930452284.jpg,1
all_comp/1/14981966096.jpg,1
all_comp/1/15004962005.jpg,1
all_comp/1/15028789556.jpg,1
all_comp/1/15064952784.jpg,1
all_comp/1/15175807523.jpg,1
all_comp/1/15369667384.jpg,1
all_comp/1/15413667188.jpg,1
all_comp/1/15456788609.jpg,1
all_comp/1/15457456237.jpg,1
all_comp/1/15667685501.jpg,1
all_comp/1/15678957073.jpg,1
all_comp/1/1578702108.jpg,1
all_comp/1/15931234804.jpg,1
all_comp/1/16004079325.jpg,1
all_comp/1/16021566310.jpg,1
all_comp/1/16036752788.jpg,1
all_comp/1/16088159737.jpg,1
all_comp/1/16390426182.jpg,1
all_comp/1/16583783349.jpg,1
all_comp/1/16641999718.jpg,1
all_comp/1/16642759437.jpg,1
all_comp/1/16813936469.jpg,1
all_comp/1/17191012681.jpg,1
all_comp/1/1756208435.jpg,1
all_comp/1/177654686.jpg,1
all_comp/1/177654688.jpg,1
all_comp/1/181536092.jpg,1
all_comp/1/190130869.jpg,1
all_comp/1/190830140.jpg,1
all_comp/1/195860371.jpg,1
all_comp/1/2056465490.jpg,1
all_comp/1/2061788661.jpg,1
all_comp/1/2127385541.jpg,1
all_comp/1/2128147286.jpg,1
all_comp/1/2128155840.jpg,1
all_comp/1/2133022950.jpg,1
all_comp/1/2153436843.jpg,1
all_comp/1/2176778177.jpg,1
all_comp/1/2187545566.jpg,1
all_comp/1/2188662988.jpg,1
all_comp/1/2193454984.jpg,1
all_comp/1/2193462556.jpg,1
all_comp/1/2193465256.jpg,1
all_comp/1/2205221079.jpg,1
all_comp/1/2212170657.jpg,1
all_comp/1/2229385700.jpg,1
all_comp/1/2230050185.jpg,1
all_comp/1/2237826116.jpg,1
all_comp/1/2252068742.jpg,1
all_comp/1/2252115929.jpg,1
all_comp/1/23293272612.jpg,1
all_comp/1/2335372849.jpg,1
all_comp/1/2336385510.jpg,1
all_comp/1/2346731275.jpg,1
all_comp/1/2359515351.jpg,1
all_comp/1/23703032719.jpg,1
all_comp/1/2375062524.jpg,1
all_comp/1/2397665099.jpg,1
all_comp/1/2397665651.jpg,1
all_comp/1/24018399258.jpg,1
all_comp/1/24052685951.jpg,1
all_comp/1/24122732431.jpg,1
all_comp/1/24479369108.jpg,1
all_comp/1/2453836371.jpg,1
all_comp/1/2482927715.jpg,1
all_comp/1/249432651.jpg,1
all_comp/1/250665121.jpg,1
all_comp/1/25104720928.jpg,1
all_comp/1/25288215227.jpg,1
all_comp/1/2536656660.jpg,1
all_comp/1/2536674394.jpg,1
all_comp/1/2536703448.jpg,1
all_comp/1/2544216481.jpg,1
all_comp/1/2559611626.jpg,1
all_comp/1/25623496768.jpg,1
all_comp/1/2563545701.jpg,1
all_comp/1/2571185552.jpg,1
all_comp/1/2578409486.jpg,1
all_comp/1/26000895968.jpg,1
all_comp/1/26022026462.jpg,1
all_comp/1/2602375297.jpg,1
all_comp/1/26052237638.jpg,1
all_comp/1/26161064962.jpg,1
all_comp/1/26257964631.jpg,1
all_comp/1/2653547416.jpg,1
all_comp/1/26799820628.jpg,1
all_comp/1/2691126999.jpg,1
all_comp/1/2691937788.jpg,1
all_comp/1/2691937910.jpg,1
all_comp/1/2691938064.jpg,1
all_comp/1/2691939100.jpg,1
all_comp/1/2695140484.jpg,1
all_comp/1/27319566750.jpg,1
all_comp/1/2742781695.jpg,1
all_comp/1/2743620294.jpg,1
all_comp/1/2743620374.jpg,1
all_comp/1/27455667961.jpg,1
all_comp/1/27574210844.jpg,1
all_comp/1/2789719178.jpg,1
all_comp/1/2791757037.jpg,1
all_comp/1/2792608876.jpg,1
all_comp/1/28046858743.jpg,1
all_comp/1/282494831.jpg,1
all_comp/1/2828330970.jpg,1
all_comp/1/2832334435.jpg,1
all_comp/1/291820783.jpg,1
all_comp/1/291901161.jpg,1
all_comp/1/291901170.jpg,1
all_comp/1/2929152046.jpg,1
all_comp/1/2929152058.jpg,1
all_comp/1/2982250445.jpg,1
all_comp/1/2982250535.jpg,1
all_comp/1/2993429269.jpg,1
all_comp/1/3008936523.jpg,1
all_comp/1/302716530.jpg,1
all_comp/1/30473877.jpg,1
all_comp/1/3047415869.jpg,1
all_comp/1/30476937.jpg,1
all_comp/1/30621585275.jpg,1
all_comp/1/3118680285.jpg,1
all_comp/1/3143761702.jpg,1
all_comp/1/315639765.jpg,1
all_comp/1/317227622.jpg,1
all_comp/1/3181009216.jpg,1
all_comp/1/3185525659.jpg,1
all_comp/1/32013509054.jpg,1
all_comp/1/32064142073.jpg,1
all_comp/1/3219579625.jpg,1
all_comp/1/324990176.jpg,1
all_comp/1/3259149285.jpg,1
all_comp/1/32693508030.jpg,1
all_comp/1/3272242820.jpg,1
all_comp/1/33103722780.jpg,1
all_comp/1/331535770.jpg,1
all_comp/1/3346009857.jpg,1
all_comp/1/3346846790.jpg,1
all_comp/1/3352772177.jpg,1
all_comp/1/33551279703.jpg,1
all_comp/1/33561791486.jpg,1
all_comp/1/33608520040.jpg,1
all_comp/1/3367151643.jpg,1
all_comp/1/33798450522.jpg,1
all_comp/1/3392743105.jpg,1
all_comp/1/3393544812.jpg,1
all_comp/1/33936011635.jpg,1
all_comp/1/3399518841.jpg,1
all_comp/1/34135782404.jpg,1
all_comp/1/34308059724.jpg,1
all_comp/1/34384983201.jpg,1
all_comp/1/34430357505.jpg,1
all_comp/1/34432602211.jpg,1
all_comp/1/34476290523.jpg,1
all_comp/1/346645369.jpg,1
all_comp/1/3466942391.jpg,1
all_comp/1/3467332645.jpg,1
all_comp/1/3467394827.jpg,1
all_comp/1/3467463375.jpg,1
all_comp/1/3467478499.jpg,1
all_comp/1/3467744806.jpg,1
all_comp/1/3467772590.jpg,1
all_comp/1/3467942520.jpg,1
all_comp/1/3468306454.jpg,1
all_comp/1/34958884.jpg,1
all_comp/1/35076041124.jpg,1
all_comp/1/350859140.jpg,1
all_comp/1/3510498959.jpg,1
all_comp/1/3510498961.jpg,1
all_comp/1/35156749170.jpg,1
all_comp/1/35170906783.jpg,1
all_comp/1/35324418260.jpg,1
all_comp/1/35340670684.jpg,1
all_comp/1/35524235350.jpg,1
all_comp/1/355321636.jpg,1
all_comp/1/35542842682.jpg,1
all_comp/1/35587231072.jpg,1
all_comp/1/35652832022.jpg,1
all_comp/1/35672091136.jpg,1
all_comp/1/35686819666.jpg,1
all_comp/1/35798627002.jpg,1
all_comp/1/35815410076.jpg,1
all_comp/1/35857778785.jpg,1
all_comp/1/3586020649.jpg,1
all_comp/1/35973967376.jpg,1
all_comp/1/36026902285.jpg,1
all_comp/1/36074830964.jpg,1
all_comp/1/36176374682.jpg,1
all_comp/1/36185034166.jpg,1
all_comp/1/36204962115.jpg,1
all_comp/1/3622341994.jpg,1
all_comp/1/36311514350.jpg,1
all_comp/1/364079132.jpg,1
all_comp/1/364082828.jpg,1
all_comp/1/36556858592.jpg,1
all_comp/1/36556858992.jpg,1
all_comp/1/36556859142.jpg,1
all_comp/1/36556859322.jpg,1
all_comp/1/36556859412.jpg,1
all_comp/1/36556859602.jpg,1
all_comp/1/36556859662.jpg,1
all_comp/1/36556860032.jpg,1
all_comp/1/36556860212.jpg,1
all_comp/1/36587617581.jpg,1
all_comp/1/36587619051.jpg,1
all_comp/1/365950934.jpg,1
all_comp/1/365970323.jpg,1
all_comp/1/365970325.jpg,1
all_comp/1/365970327.jpg,1
all_comp/1/365981897.jpg,1
all_comp/1/365981904.jpg,1
all_comp/1/36660891386.jpg,1
all_comp/1/36680123756.jpg,1
all_comp/1/366965308.jpg,1
all_comp/1/36891119803.jpg,1
all_comp/1/3701678891.jpg,1
all_comp/1/37150655806.jpg,1
all_comp/1/3725967079.jpg,1
all_comp/1/37341627635.jpg,1
all_comp/1/37341651445.jpg,1
all_comp/1/37516068361.jpg,1
all_comp/1/37541458482.jpg,1
all_comp/1/3757851543.jpg,1
all_comp/1/37651670264.jpg,1
all_comp/1/37673530271.jpg,1
all_comp/1/3770923107.jpg,1
all_comp/1/3788316539.jpg,1
all_comp/1/3789120102.jpg,1
all_comp/1/3789120856.jpg,1
all_comp/1/3803435787.jpg,1
all_comp/1/3803670997.jpg,1
all_comp/1/3804105456.jpg,1
all_comp/1/3804249358.jpg,1
all_comp/1/3812987163.jpg,1
all_comp/1/3829627984.jpg,1
all_comp/1/38303922102.jpg,1
all_comp/1/38311592516.jpg,1
all_comp/1/38350409234.jpg,1
all_comp/1/38365605051.jpg,1
all_comp/1/38596953291.jpg,1
all_comp/1/3865521059.jpg,1
all_comp/1/38785088370.jpg,1
all_comp/1/3883928876.jpg,1
all_comp/1/38854727554.jpg,1
all_comp/1/3900871049.jpg,1
all_comp/1/39529023532.jpg,1
all_comp/1/39564405344.jpg,1
all_comp/1/3968052879.jpg,1
all_comp/1/3984003251.jpg,1
all_comp/1/3984764378.jpg,1
all_comp/1/39849956501.jpg,1
all_comp/1/40006829852.jpg,1
all_comp/1/40584728.jpg,1
all_comp/1/4065148212.jpg,1
all_comp/1/409035084.jpg,1
all_comp/1/4117610454.jpg,1
all_comp/1/4118116512.jpg,1
all_comp/1/4118919953.jpg,1
all_comp/1/4119865817.jpg,1
all_comp/1/4121133059.jpg,1
all_comp/1/4121139979.jpg,1
all_comp/1/4122868535.jpg,1
all_comp/1/4125439606.jpg,1
all_comp/1/4157431499.jpg,1
all_comp/1/4157631641.jpg,1
all_comp/1/4187934713.jpg,1
all_comp/1/41929724.jpg,1
all_comp/1/41929738.jpg,1
all_comp/1/4199917713.jpg,1
all_comp/1/4263348723.jpg,1
all_comp/1/4275450521.jpg,1
all_comp/1/4294230104.jpg,1
all_comp/1/436595494.jpg,1
all_comp/1/4395052860.jpg,1
all_comp/1/4400742489.jpg,1
all_comp/1/4407567144.jpg,1
all_comp/1/4425736106.jpg,1
all_comp/1/4435373453.jpg,1
all_comp/1/4435785837.jpg,1
all_comp/1/4439496376.jpg,1
all_comp/1/4469317491.jpg,1
all_comp/1/4477826728.jpg,1
all_comp/1/4496516151.jpg,1
all_comp/1/461551406.jpg,1
all_comp/1/461551788.jpg,1
all_comp/1/461552644.jpg,1
all_comp/1/461553246.jpg,1
all_comp/1/461557319.jpg,1
all_comp/1/461558545.jpg,1
all_comp/1/461558955.jpg,1
all_comp/1/4619202707.jpg,1
all_comp/1/464250399.jpg,1
all_comp/1/464505770.jpg,1
all_comp/1/4659357648.jpg,1
all_comp/1/4667161888.jpg,1
all_comp/1/4676091340.jpg,1
all_comp/1/4731621623.jpg,1
all_comp/1/4747757592.jpg,1
all_comp/1/4754169838.jpg,1
all_comp/1/480026714.jpg,1
all_comp/1/4826489541.jpg,1
all_comp/1/4826644260.jpg,1
all_comp/1/4827024918.jpg,1
all_comp/1/4827025602.jpg,1
all_comp/1/4837026335.jpg,1
all_comp/1/4841137525.jpg,1
all_comp/1/485581056.jpg,1
all_comp/1/4870184400.jpg,1
all_comp/1/4932001264.jpg,1
all_comp/1/4959125885.jpg,1
all_comp/1/4971255197.jpg,1
all_comp/1/4978709481.jpg,1
all_comp/1/4978710197.jpg,1
all_comp/1/4978711245.jpg,1
all_comp/1/4978713157.jpg,1
all_comp/1/4978714315.jpg,1
all_comp/1/4978714735.jpg,1
all_comp/1/4979320412.jpg,1
all_comp/1/4979324618.jpg,1
all_comp/1/5022325035.jpg,1
all_comp/1/5040506375.jpg,1
all_comp/1/5107170884.jpg,1
all_comp/1/5114926249.jpg,1
all_comp/1/5122879999.jpg,1
all_comp/1/5136066403.jpg,1
all_comp/1/5136661280.jpg,1
all_comp/1/5161234061.jpg,1
all_comp/1/5180014403.jpg,1
all_comp/1/5187601078.jpg,1
all_comp/1/5196051415.jpg,1
all_comp/1/5259302673.jpg,1
all_comp/1/5270951724.jpg,1
all_comp/1/5274199346.jpg,1
all_comp/1/5311269878.jpg,1
all_comp/1/5349844263.jpg,1
all_comp/1/5361212598.jpg,1
all_comp/1/5361416656.jpg,1
all_comp/1/5363630122.jpg,1
all_comp/1/5367588004.jpg,1
all_comp/1/5373611489.jpg,1
all_comp/1/5388120409.jpg,1
all_comp/1/5398359326.jpg,1
all_comp/1/5399296923.jpg,1
all_comp/1/5399899404.jpg,1
all_comp/1/5399899868.jpg,1
all_comp/1/5399900622.jpg,1
all_comp/1/5401085860.jpg,1
all_comp/1/5414775066.jpg,1
all_comp/1/5414802516.jpg,1
all_comp/1/5417261446.jpg,1
all_comp/1/5460600381.jpg,1
all_comp/1/5460615003.jpg,1
all_comp/1/5460615853.jpg,1
all_comp/1/5460634543.jpg,1
all_comp/1/5461204244.jpg,1
all_comp/1/5461207340.jpg,1
all_comp/1/5480309355.jpg,1
all_comp/1/5480904322.jpg,1
all_comp/1/5487854541.jpg,1
all_comp/1/5487854643.jpg,1
all_comp/1/5488451406.jpg,1
all_comp/1/5517905395.jpg,1
all_comp/1/5518493884.jpg,1
all_comp/1/5518526696.jpg,1
all_comp/1/554233247.jpg,1
all_comp/1/559670180.jpg,1
all_comp/1/5653720264.jpg,1
all_comp/1/5655870295.jpg,1
all_comp/1/5689069309.jpg,1
all_comp/1/5692852159.jpg,1
all_comp/1/5714971015.jpg,1
all_comp/1/5776018486.jpg,1
all_comp/1/580802487.jpg,1
all_comp/1/5819641772.jpg,1
all_comp/1/5827615247.jpg,1
all_comp/1/5827620063.jpg,1
all_comp/1/5827620631.jpg,1
all_comp/1/5827630325.jpg,1
all_comp/1/5828153698.jpg,1
all_comp/1/5828159718.jpg,1
all_comp/1/5828166540.jpg,1
all_comp/1/5828167618.jpg,1
all_comp/1/5828172820.jpg,1
all_comp/1/5828173082.jpg,1
all_comp/1/5828177028.jpg,1
all_comp/1/5828179930.jpg,1
all_comp/1/5844518128.jpg,1
all_comp/1/5903399712.jpg,1
all_comp/1/5973248881.jpg,1
all_comp/1/5998343082.jpg,1
all_comp/1/6003894999.jpg,1
all_comp/1/6008888736.jpg,1
all_comp/1/6031569202.jpg,1
all_comp/1/6049042077.jpg,1
all_comp/1/6053807879.jpg,1
all_comp/1/6055806530.jpg,1
all_comp/1/6082116612.jpg,1
all_comp/1/6085263859.jpg,1
all_comp/1/6085807574.jpg,1
all_comp/1/6105720292.jpg,1
all_comp/1/6111925709.jpg,1
all_comp/1/6195401751.jpg,1
all_comp/1/6203642288.jpg,1
all_comp/1/6210416457.jpg,1
all_comp/1/6210417397.jpg,1
all_comp/1/6210928044.jpg,1
all_comp/1/6210928234.jpg,1
all_comp/1/6210983125.jpg,1
all_comp/1/6210994711.jpg,1
all_comp/1/6214812976.jpg,1
all_comp/1/6234016024.jpg,1
all_comp/1/6250342421.jpg,1
all_comp/1/6262472392.jpg,1
all_comp/1/6271457025.jpg,1
all_comp/1/6275947537.jpg,1
all_comp/1/6290780849.jpg,1
all_comp/1/6291289552.jpg,1
all_comp/1/6320913762.jpg,1
all_comp/1/63264668.jpg,1
all_comp/1/6333719005.jpg,1
all_comp/1/6436543647.jpg,1
all_comp/1/6436543723.jpg,1
all_comp/1/6436543821.jpg,1
all_comp/1/6436544857.jpg,1
all_comp/1/6436544979.jpg,1
all_comp/1/6436545041.jpg,1
all_comp/1/6436545597.jpg,1
all_comp/1/6478571679.jpg,1
all_comp/1/6517956207.jpg,1
all_comp/1/6630115079.jpg,1
all_comp/1/6667385209.jpg,1
all_comp/1/6728416669.jpg,1
all_comp/1/683942133.jpg,1
all_comp/1/6886088183.jpg,1
all_comp/1/6945826814.jpg,1
all_comp/1/6959189119.jpg,1
all_comp/1/6980505897.jpg,1
all_comp/1/6987703783.jpg,1
all_comp/1/6996107362.jpg,1
all_comp/1/6996122154.jpg,1
all_comp/1/6996637651.jpg,1
all_comp/1/7106911387.jpg,1
all_comp/1/7126131059.jpg,1
all_comp/1/7137190923.jpg,1
all_comp/1/7177691442.jpg,1
all_comp/1/717941270.jpg,1
all_comp/1/739021430.jpg,1
all_comp/1/7417734452.jpg,1
all_comp/1/7446740298.jpg,1
all_comp/1/7478980200.jpg,1
all_comp/1/7516065682.jpg,1
all_comp/1/7519595394.jpg,1
all_comp/1/7535404642.jpg,1
all_comp/1/7555124820.jpg,1
all_comp/1/7595133646.jpg,1
all_comp/1/7603150994.jpg,1
all_comp/1/760901389.jpg,1
all_comp/1/7614022344.jpg,1
all_comp/1/7629848532.jpg,1
all_comp/1/7661359252.jpg,1
all_comp/1/7661360622.jpg,1
all_comp/1/7661361966.jpg,1
all_comp/1/7661365114.jpg,1
all_comp/1/7716379950.jpg,1
all_comp/1/7716385362.jpg,1
all_comp/1/7716388668.jpg,1
all_comp/1/7730805602.jpg,1
all_comp/1/7857425040.jpg,1
all_comp/1/7890666634.jpg,1
all_comp/1/7892201656.jpg,1
all_comp/1/8003879631.jpg,1
all_comp/1/8005796824.jpg,1
all_comp/1/8015552744.jpg,1
all_comp/1/8027391747.jpg,1
all_comp/1/8027752046.jpg,1
all_comp/1/8044486810.jpg,1
all_comp/1/8069475190.jpg,1
all_comp/1/8080762122.jpg,1
all_comp/1/8136126713.jpg,1
all_comp/1/8175344796.jpg,1
all_comp/1/8217977090.jpg,1
all_comp/1/8218196624.jpg,1
all_comp/1/8237178155.jpg,1
all_comp/1/8296572773.jpg,1
all_comp/1/8324570103.jpg,1
all_comp/1/8347277970.jpg,1
all_comp/1/8390172543.jpg,1
all_comp/1/8421962959.jpg,1
all_comp/1/8429096351.jpg,1
all_comp/1/8435760935.jpg,1
all_comp/1/8439505885.jpg,1
all_comp/1/8439529459.jpg,1
all_comp/1/8439529877.jpg,1
all_comp/1/8440594928.jpg,1
all_comp/1/8451930492.jpg,1
all_comp/1/8470588330.jpg,1
all_comp/1/8486620655.jpg,1
all_comp/1/8548338921.jpg,1
all_comp/1/8551173483.jpg,1
all_comp/1/8552276490.jpg,1
all_comp/1/859737454.jpg,1
all_comp/1/864368863.jpg,1
all_comp/1/864786774.jpg,1
all_comp/1/8662696143.jpg,1
all_comp/1/8680749828.jpg,1
all_comp/1/8689323019.jpg,1
all_comp/1/8695046185.jpg,1
all_comp/1/871499649.jpg,1
all_comp/1/8728707145.jpg,1
all_comp/1/8742518034.jpg,1
all_comp/1/8752598586.jpg,1
all_comp/1/8761931809.jpg,1
all_comp/1/8761931967.jpg,1
all_comp/1/8761983955.jpg,1
all_comp/1/8761984043.jpg,1
all_comp/1/8761984203.jpg,1
all_comp/1/8762000105.jpg,1
all_comp/1/8762000245.jpg,1
all_comp/1/878733672.jpg,1
all_comp/1/878782140.jpg,1
all_comp/1/885747873.jpg,1
all_comp/1/8918197691.jpg,1
all_comp/1/8933090076.jpg,1
all_comp/1/8940986674.jpg,1
all_comp/1/894142851.jpg,1
all_comp/1/894230850.jpg,1
all_comp/1/894230900.jpg,1
all_comp/1/9007551265.jpg,1
all_comp/1/905266856.jpg,1
all_comp/1/907733488.jpg,1
all_comp/1/9102839215.jpg,1
all_comp/1/9105071398.jpg,1
all_comp/1/9126153910.jpg,1
all_comp/1/9138808842.jpg,1
all_comp/1/9138987550.jpg,1
all_comp/1/920962627.jpg,1
all_comp/1/9272058963.jpg,1
all_comp/1/9417865012.jpg,1
all_comp/1/9449192894.jpg,1
all_comp/1/9559013211.jpg,1
all_comp/1/9610558257.jpg,1
all_comp/1/9672383866.jpg,1
all_comp/1/9686498797.jpg,1
all_comp/1/98745046.jpg,1
